{
  "num_nodes": 2735,
  "num_edges": 2759,
  "density": 0.00036897,
  "num_weakly_connected_components": 1205,
  "largest_weakly_component_size": 1389,
  "avg_in_degree": 1.008775,
  "avg_out_degree": 1.008775,
  "in_degree_distribution": {
    "0": 1622,
    "1": 568,
    "2": 234,
    "3": 132,
    "4": 55,
    "5": 30,
    "6": 22,
    "7": 18,
    "8": 10,
    "9": 7,
    "10": 11,
    "11": 5,
    "12": 2,
    "14": 4,
    "15": 5,
    "16": 2,
    "17": 2,
    "19": 2,
    "22": 1,
    "24": 1,
    "29": 1,
    "57": 1
  }
}